index,gender,person_id,neutral,smile,anger,left_light,EyeLengthRatio,EyeDistanceRatio,NoseRatio,LipSizeRatio,LipLengthRatio,EyeBrowLengthRatio,AggressiveRatio
0,1,0,1,0,0,0,-0.953239948155787,-1.8743767345609663,0.4657410315968444,0.9411526125938529,-0.5709400147007376,2.8604576606355,-0.24955357165555722
1,1,0,0,1,0,0,-0.09168065586943222,-1.6700618116224366,-0.5391632732536165,-0.15694489049859292,0.13494860121891836,1.7865906515354586,-0.07842732725565305
2,1,0,0,0,1,0,0.522945319923898,-1.3978963082578826,-0.11961605616137992,0.34534214335974506,-0.13889924260419234,2.4195921574789687,0.009484254932705417
3,1,0,0,0,0,1,-1.428805934245715,-0.9070174527668967,0.29712503643565,-0.16686032778376533,-1.3715683925537787,2.6834677962150764,-0.55694779380944
4,1,1,1,0,0,0,-0.22230738503835223,0.6655475196027674,-1.172176026214132,-0.2629281115107962,-1.0703414807462708,0.8980743526345493,0.3661376158118652
5,1,1,0,1,0,0,0.9589796406521656,0.9961450729869152,-1.1405384967558352,-0.24588911092868806,0.4908471986524551,0.6423640998478082,0.20588408799079896
6,1,1,0,0,1,0,0.9837896852348182,0.767693834592583,-1.2211370639038215,0.21843624298927397,-1.3999197741098406,0.7312220393668935,-0.5566084359357589
7,1,1,0,0,0,1,-1.4860598277701427,1.1136739673917995,-1.0310794319914922,-0.41304976511082586,-1.7588322840304595,0.2828669681045743,-0.9264076715612549
8,1,2,1,0,0,0,1.2221737566654944,0.15265784945285518,-0.5065727009524825,-0.04932754415641432,0.4489335646853523,0.010830248925755822,0.041576974412289504
9,1,2,0,1,0,0,1.3455299235121807,0.29288290459998656,0.31033978897797937,0.6985057605100506,1.1702915130405733,0.9351527131658425,-0.42720939962555643
10,1,2,0,0,1,0,1.337835284358073,0.4350849307791568,0.15654972843241513,1.1092832119750826,0.468220311452625,0.026250637918151066,-0.1736683188395369
11,1,2,0,0,0,1,-1.7371099929195133,0.8600225640102592,0.8087386811190707,1.3337828832297438,-0.6359805748379342,0.9494250571985481,-0.37849014641742273
12,1,3,1,0,0,0,1.1194670454858053,0.022416870173496074,-1.3811172975975083,3.4439462729750385,-0.5206298257858439,0.7078379472429391,0.13988374879810941
13,1,3,0,1,0,0,1.6602388523101228,-0.10053857226849473,0.029420074159070685,-0.9789191018507374,1.4273976476495134,-0.5913655183031548,-1.1108631986963404
14,1,3,0,0,1,0,0.6595557103400007,-0.15051144559568105,-0.3060588944833019,0.09367351291018731,-0.2761698160558876,0.9920052515864394,0.4032781611933885
15,1,3,0,0,0,1,-0.3616876995523539,0.058471022411970996,-0.3147515148499944,0.33122911063630645,-0.42640047614553744,0.424876907040389,0.6881999293074089
16,1,4,1,0,0,0,1.5319318934409967,0.6956838915091937,-1.9278179749127757,6.982490664781548,-0.5566225965471059,-0.5200725037015385,-0.8874056801357321
17,1,4,0,1,0,0,0.615723764819906,-0.1889627373368712,-0.9595649953837307,-0.6961308668234889,0.6072738302476597,-0.9804946979532354,-1.1769523620530915
18,1,4,0,0,1,0,0.5266039919574216,0.46068051310806396,-1.4672506375292669,1.4465363143271615,-0.4681696818743976,0.09551376565910602,-1.1268622231404608
19,1,4,0,0,0,1,-1.0894062543855447,1.975880479827574,-2.1351210630914057,0.8120443439121736,-1.3316692743579823,0.3338239524351076,-1.6411265453637651
20,1,5,1,0,0,0,0.492829873090299,-0.09171829632876471,-1.2679189281939036,1.0256572883827,0.32680119133162017,0.8567095146355939,-0.586812730738993
21,1,5,0,1,0,0,0.9584604951641361,-0.15634477633028096,-0.13207352522341265,-0.16424225723472116,1.7035436693439832,1.3969278148392859,0.2465718436186351
22,1,5,0,0,1,0,0.523106344685036,0.10910465186179226,-0.8512404296148234,-0.3706071887280472,-0.556452108974265,1.6530372076453168,-0.48235899645296515
23,1,5,0,0,0,1,-1.8839112839762366,-0.0019744689176079203,-0.7925450404930579,-0.06639031978918744,-0.5876447792698778,0.8046815893847615,-0.7445934841493567
24,1,6,1,0,0,0,1.5552629503780413,-0.21574683765842176,-0.8821075041242652,-0.3022423066682568,-0.0964961326891099,0.5616892293270306,-0.6036020697887376
25,1,6,0,1,0,0,1.0988872110259942,-0.16555366929551596,-0.05880161553522721,-0.5037835345428385,1.0590331201416787,-0.35798161393767786,-0.6135342306087547
26,1,6,0,0,1,0,0.3012235604005925,0.3567435420406671,-1.2299381795875572,-0.9522200983544677,-0.7414291414833982,0.7774583158043865,0.2494987600737809
27,1,6,0,0,0,1,-1.9038580648649412,0.31138960320106285,-0.4921003307502017,-1.1844094930631184,-0.7345081151099517,1.5514129835575883,0.5020210631744281
28,1,7,1,0,0,0,0.3109779803884629,0.6875156114031936,-0.17967327715436532,-0.1435928157011854,0.999718897370079,1.9576089714126785,0.627781870430793
29,1,7,0,1,0,0,2.3664464894948156,0.3763189010130419,1.3242480971796624,-1.0377810065290436,1.5668591598565,2.1128882165634866,-0.872752270479526
30,1,7,0,0,1,0,0.7171428769643786,0.8736731669860573,-0.07628389973835284,-0.28567329875941844,0.13652185984406023,2.7936184214477375,0.18015477217909956
31,1,7,0,0,0,1,-0.7755668618537089,1.4829239871876227,-0.10847376620417848,-0.42950690521660234,0.17127991349811078,3.0034484196540325,0.6376293364966207
32,1,8,1,0,0,0,-0.6679099141223902,-0.09613784186840085,-0.5063332957769097,-0.34993505579376055,-1.160816706881938,0.32739560552629754,-0.06821922267478092
33,1,8,0,1,0,0,0.7243285960231337,0.35336103254924583,-0.39795405721901767,-0.554377082356135,1.773827760308021,0.4574858975254433,-0.10205043353206178
34,1,8,0,0,1,0,0.9190739294917336,-0.5665558233993436,-0.5033558510082583,0.3287557105291194,-0.08687384584282339,2.012210289092874,-0.5543789740468209
35,1,8,0,0,0,1,-1.3893926749698535,-0.09662599549874654,0.1987304860446052,-0.9812470345213329,-1.2014150256112375,0.35119548504548986,0.4020002421888966
36,1,9,1,0,0,0,0.7064441977244181,-0.9534497850194305,0.39946619581777615,0.2894019366652334,-0.14560833700813364,1.0093845338625766,1.8269003707266243
37,1,9,0,1,0,0,1.402792115784397,-1.32644983075425,2.034317755646023,-0.426332235658335,1.4595034457406466,0.380547864823373,1.615051535306594
38,1,9,0,0,1,0,0.4407811182993145,-0.8988057992623194,-0.29954336053616176,0.11428828992270769,-0.5058825209324838,0.44514247255125,0.6266919793944078
39,1,9,0,0,0,1,-0.6730138255194117,-0.43848886455635,2.023940059748147,-0.5292156723816949,-0.42388712352716834,1.3763739629615679,2.040875814026738
40,1,10,1,0,0,0,-0.8786546496280178,-0.6807494278135805,-0.7780983633986057,0.569107991074274,-0.014677998212620778,-0.6011463779534834,-0.09763815493130214
41,1,10,0,1,0,0,0.7934504191256653,-1.0366301703058731,-0.2311520713581671,-1.044856782412889,1.0334935417461584,-0.2913185243178021,-1.487154069640012
42,1,10,0,0,1,0,0.22535228149133177,-0.3539900685247493,-0.10496579545206783,-0.7751268003654531,-0.2600839336603567,1.1830114482319343,0.37538377642589354
43,1,10,0,0,0,1,-0.8340046971878848,0.361640182626734,-0.5836882235128706,-0.48060659978869424,-0.422850548746463,1.1575292180964578,-0.07170840965065398
44,1,11,1,0,0,0,-0.02961188047150448,-0.5074723259872613,-1.6968343930106564,-0.3158868998852089,-0.7578251981842322,-0.2942788366887113,0.49192438091741764
45,1,11,0,1,0,0,-0.24947161519013158,-0.2577059770029974,-0.5594487013714315,-1.0808605219618572,1.5854994106175921,-1.0894806690133478,-0.4328152548130618
46,1,11,0,0,1,0,0.8134494015334083,0.5332295106530464,-0.37264024032335974,-0.5714961528167952,-0.29735550277549844,0.8229318043213925,1.207551901949193
47,1,11,0,0,0,1,0.27871515635062,0.5127219403014001,-1.0417075733609247,-1.1602952611716064,-1.3190055399638096,0.595700356025885,0.22514681005154655
48,1,12,1,0,0,0,0.17991784996439716,-0.46533106652208134,0.5445228996625918,0.4234920093043549,-1.1065883208958804,1.3009890183517814,0.06860774886700514
49,1,12,0,1,0,0,0.525668576188344,-0.47021886353923137,0.7220449982109505,-0.6251008898247922,1.1931813074460165,-0.19712947739278422,-0.7248675328225714
50,1,12,0,0,1,0,2.033423190378596,-0.004185512412901479,0.4566556437920102,-0.613876478509665,-1.2038964070509586,2.343306361022354,-0.11051382213125734
51,1,12,0,0,0,1,0.22227530131295103,-0.07509653711738459,0.2761783002303217,-0.41068270639407467,-1.2947895271808998,1.2086419728280346,-0.6094464528222504
52,1,13,1,0,0,0,0.5970811693689725,1.6664437601744957,-1.29704649980819,-0.4844205017676641,-0.07326741690226621,0.797402724466865,-0.10800850916613462
53,1,13,0,1,0,0,0.18539449360376284,1.5675799545450848,-0.4620773791385273,-1.3719487713807332,2.3481985663676603,0.8582272314389806,-0.5678790024099973
54,1,13,0,0,1,0,1.292759847307855,2.2251431352615696,-1.3080974439748545,-0.9063021757343594,0.07671510238149873,1.569286964167177,0.41463305451384025
55,1,13,0,0,0,1,1.0484309434342791,3.0200016509362975,-0.014563411970005562,-1.1870757033179706,0.4472728733874358,2.164763632490231,0.17931771684140171
56,1,14,1,0,0,0,-0.004308965507222719,0.358485961851011,-0.3688223569866684,0.2401190695286907,-0.6107020470966508,-0.6976524941896688,1.383456740324584
57,1,14,0,1,0,0,0.2444418759331461,0.5883830663792815,1.8088010534194976,-0.38725302192533234,1.7634393008158058,-0.3532215914524638,0.9717261750479391
58,1,14,0,0,1,0,1.603730304007424,0.9937074286206793,-0.2956982807483725,0.5825796320927323,-0.30229486049602733,0.1322391626758256,1.4692766890874323
59,1,14,0,0,0,1,0.4091604358543718,0.8755476413935849,0.31689021399062206,-0.975185332144487,-0.4098439758447098,0.025324629155073688,1.646434369454566
60,1,15,1,0,0,0,-0.6207659017873585,-0.7619767379946376,-1.6645256956426264,1.9708922982815433,-1.5593708338900663,-1.152054231283752,-1.7810250026531704
61,1,15,0,1,0,0,-0.4651506814959373,-0.778686038181427,-0.5000944314574123,3.1107430128987614,1.1050853744375335,-1.180578915757214,-1.5942750618528647
62,1,15,0,0,1,0,0.6631426347599386,-0.15106197395786297,-0.872114474938597,0.7682317317754701,-1.4462610618163179,1.265661428142161,-0.5100375189856441
63,1,15,0,0,0,1,-0.5944452869999819,-0.22667461818914472,-0.5034743214849692,0.42401543091452276,-0.9942373533680573,0.5489819827317981,-0.7092271463141886
64,1,16,1,0,0,0,-0.16817112275726945,0.3079566165329094,-1.7159955522676866,1.826258906221682,-1.451341674873547,-0.4162763327067101,-1.3941208764039592
65,1,16,0,1,0,0,-0.7675413163548848,-0.18249426231588378,-0.6501727402823015,-0.9604269357133739,-0.17051824266476798,-1.0363649522438485,-1.495795850129442
66,1,16,0,0,1,0,0.9055809886403825,0.5708941083830761,-1.8190260136013754,0.5044789662169603,-1.4028524954520818,1.8157303892443746,-1.1410520257651549
67,1,16,0,0,0,1,-1.0185100515496468,0.42744672288221713,-0.8335074853234581,-0.0008066657725863599,-1.3475208365192195,0.43390549570114323,-1.4473192752431367
68,1,17,1,0,0,0,0.21583342205034897,-0.20515743096378217,-0.3915071644978577,1.7949258640837602,-1.4976310340244918,-0.32110415223358946,0.3958707409216913
69,1,17,0,1,0,0,-0.3049376252544887,-0.5577335664405356,1.6002758327728357,-0.8907783579837892,0.39527517353970004,0.02069791513943559,-0.5785481293824023
70,1,17,0,0,1,0,0.5181016911251054,-0.0541134142104998,1.1146893259127784,1.3768734522419486,-1.5770040863767627,0.03320907962740729,0.46045738662885505
71,1,17,0,0,0,1,-0.4039712795813484,0.023951748884880872,1.3293446212773607,-0.1219860611135257,-1.1899738414575418,0.25562164293820283,0.818328286558833
72,1,18,1,0,0,0,-1.0600714845640276,-0.2330861989682194,0.146387515473606,-0.385561915384615,-1.6051676359634899,0.3109713722115476,-1.5626291923871596
73,1,18,0,1,0,0,-0.5436139308806949,-0.3463277725431925,1.1140164461105309,0.1374164417289936,0.4845980114398035,-0.9059792885644706,-2.361352535164531
74,1,18,0,0,1,0,1.1957401756490371,0.4829458621984147,0.09627852001550731,0.4587962408730203,-0.5862170948873784,0.04177803751263932,-1.562466819435976
75,1,18,0,0,0,1,-1.3744470984588322,-0.14684269241671602,0.624295282051386,-0.7807553823477822,-1.707805217233985,0.004109965957465673,-1.702806957166986
76,1,19,1,0,0,0,-0.6508234286398709,-2.0766660562812223,0.7812436510304341,1.0499716632616571,0.016419292858733912,-1.2168414228106696,1.2777108271910296
77,1,19,0,1,0,0,-1.1738302870099875,-2.4018699784665016,1.2537194468559472,-0.2660956971568612,1.8752326194264466,-0.5718797583374282,-0.3758889345785007
78,1,19,0,0,1,0,0.9986261600998044,-2.0005594462956493,0.4267572209922135,0.17514513327406794,0.2615742136831078,-0.4443925649836648,1.84914142850254
79,1,19,0,0,0,1,-0.6645657422479901,-1.6126354596404757,1.7981972697151165,-0.5848558765107771,0.21426294801825244,0.29502680293137157,2.246648706924007
80,1,20,1,0,0,0,0.0043496068130436235,-0.1221364002903847,-0.6901595872450783,0.6652138616488503,-1.797915486502481,-0.5612618782763013,0.3372066141974181
81,1,20,0,1,0,0,-0.9486099381368728,-0.6745937352442066,-0.453029674606957,-0.4891341101542837,0.7626126213945313,-1.2442897833624869,-0.32095282431301503
82,1,20,0,0,1,0,1.1606261364611554,0.7591586597170354,-0.9121758533091704,1.2042883042061048,-1.5793706053388956,0.7507895037541357,0.4653865003460055
83,1,20,0,0,0,1,-0.2283216071724193,0.7707518469511662,-0.8334415738684384,-0.46123583044028305,-1.0792229257576607,-0.07656104186897388,-0.14610342496525422
84,1,21,1,0,0,0,0.2778398602786696,-0.2093159097356918,-0.8975512242280004,1.3028636632402164,-1.4167956722001855,-0.8796478902807949,-1.1807834731457942
85,1,21,0,1,0,0,-0.05527081904107845,-0.5189750261069452,0.1312564876447352,-0.32415161045478674,1.1821494458632347,-0.25342947258453274,-1.2149760257827464
86,1,21,0,0,1,0,1.2416708526819014,-0.8259074280959269,-1.9229994764815823,0.4031589179256749,-0.9356806392156949,-0.23018186482082054,-1.3649181713765919
87,1,21,0,0,0,1,0.7022727814283857,-0.045510361326072134,-0.20469391350672425,0.07053264567462944,-0.04309365394305663,-0.29367953911788786,-1.1867623462754904
88,1,22,1,0,0,0,-0.24404603639505182,1.1050770802317744,-1.1514109102902865,-0.8430876087537281,0.7214310143491081,-0.5944135861815484,-0.13966796581930416
89,1,22,0,1,0,0,-0.06592748881052504,0.508900886301325,0.005306726498253073,-1.110090235097858,2.890403415605183,0.35843102509140246,-0.02711444471635094
90,1,22,0,0,1,0,0.5495811858794968,0.9730559182941461,-1.543074389992529,-1.2033857128999137,-0.26454031141022294,0.6493700886644342,0.7263157995471562
91,1,22,0,0,0,1,-0.5528613443520389,1.3037022179633244,-0.6354038021402258,-0.9680632726627669,0.42276984206874435,0.3533336694855568,-0.25617048838858636
92,1,23,1,0,0,0,-0.2564036984741377,-0.1514562623918952,-1.0326799294277231,0.6088644658175437,-0.25222645858428855,2.202801228131873,1.3850616075206508
93,1,23,0,1,0,0,-0.8766705040899914,-0.5473640663943359,-0.5075412885253616,-0.5304798556887518,1.0004676095252167,0.41230100805746855,0.902239148365281
94,1,23,0,0,1,0,-0.18963758845216655,0.3636911384252267,-1.1674727404686618,0.1679105993157987,-0.7008811616930395,0.8077101531466508,1.6650106416776458
95,1,23,0,0,0,1,-0.22391911813597717,-0.3058456778828066,-0.7308719978415623,0.2840139071624504,0.11921813690682194,1.3555812972508676,1.4105459187886664
96,1,24,1,0,0,0,-0.28349282701581896,-0.6332800406208665,-1.053115354730519,-0.21925767719996828,-1.572994565294078,0.7666992739630579,0.8397065826471953
97,1,24,0,1,0,0,-0.21513952500201108,-0.6720911905900457,-0.5410727185492701,-1.2361828758763422,0.5426444323779409,-0.6301045700976593,0.21375468124325117
98,1,24,0,0,1,0,0.03799480704993476,-0.30988865697000184,-0.47708070985982715,-0.5412257641285757,-1.4963740774593444,1.1784962864219628,1.6554971703527641
99,1,24,0,0,0,1,0.32523183082595936,0.055876226795481314,-0.1276613756183411,-0.8819707859241764,-1.5690531470560871,-0.7166900896257621,1.8399930472493764
100,1,25,1,0,0,0,-0.9050643894332823,-0.3353169533982033,-0.13965836816190585,1.6654935554088754,-1.1946426310506502,-0.19899297001463498,-1.5383853883626566
101,1,25,0,1,0,0,-0.7512064410449084,-0.2591598272175156,0.17460924288661323,-0.6298112997102355,0.6863090819671485,-0.6666619638732952,-1.942691304778753
102,1,25,0,0,1,0,0.8400466779214905,1.2865053043493853,-0.8680652068236836,1.4881103863863059,-1.6206089335990603,0.9466979102034971,-1.6611255112395547
103,1,25,0,0,0,1,-0.4642473737518823,1.561074605069257,-0.3774208486951418,0.31395949572121,-0.767034197840528,1.6684647282877485,-1.9583281290492627
104,1,26,1,0,0,0,0.5052298781010632,-1.33452888140045,0.2751300885046372,-0.43782632675631156,0.20148725271326284,0.2700715313735102,1.0942757105906866
105,1,26,0,1,0,0,-0.3838547584366959,-1.6318223472491653,1.3151292834596646,-0.9700231800691046,1.505653007170755,-0.3764829852251211,0.6423996147292632
106,1,26,0,0,1,0,0.9413740029321228,-1.2919002096694217,0.9647503697308474,-0.791141242363871,-0.022476427183819776,0.9153155859781128,1.526882391487151
107,1,26,0,0,0,1,-0.6604690021764303,-1.3921744917141592,1.417303244532192,-1.035576252202469,-0.10461784523148217,0.6102363553538461,1.2524920888610365
108,1,27,1,0,0,0,0.07957158899827273,-2.2914377801539683,-0.46092721538513237,-0.6282091044680723,-0.3983869804707503,-0.4013290790833571,0.8260516922004698
109,1,27,0,1,0,0,-0.7541816054070125,-2.2931132130980876,0.08437542833296373,-0.8655050890213873,1.4778986836948929,-0.578722654800359,0.717214641236521
110,1,27,0,0,1,0,0.9442719686647739,-0.9458920642823684,-0.04761371360691684,-0.7904785766790461,-0.10145216495248198,0.11166414899008277,1.5724236703051522
111,1,27,0,0,0,1,0.06567561134838364,-1.6585357472354227,-0.5985128982477708,-0.8416597848544796,-0.5144197443462797,-0.0399384595695608,0.6093321151556025
112,1,28,1,0,0,0,-0.31949394823651084,-0.11666853024473556,0.5403205320102741,0.4992490151382563,0.2897713557697861,-0.9996728613537786,-1.0745375493199154
113,1,28,0,1,0,0,-0.3256917578676627,-0.387312353372816,1.6672618417677085,-0.3048408644436841,0.9163061477757636,-0.6878914948885193,-1.5856800722022797
114,1,28,0,0,1,0,0.19305006499432362,0.02644871566437252,-0.40813105398060845,0.14342346067387568,0.44978370641328147,1.1181544230716571,-1.4181154054375171
115,1,28,0,0,0,1,-0.635890536081531,0.1708508139045887,1.6629151253527916,0.006059837338214241,0.45562612416528064,-0.501246300163306,-1.057451396828758
116,1,29,1,0,0,0,0.55838013586752,-0.46303059698659443,-0.10172870478809758,0.3391897710213668,-0.5589448534928663,-0.1925435675525884,0.4986145649849951
117,1,29,0,1,0,0,0.058626371721147735,-0.553210075900011,0.4440989310924388,-0.1478625812266824,1.6924813963720655,-0.03406402323228322,0.005433037141309709
118,1,29,0,0,1,0,1.2291430332387214,-0.13171544100095242,-0.017757122008428557,2.571837469007644,0.6263416294686758,0.3242984694260686,0.8004266131386787
119,1,29,0,0,0,1,0.29304915006722015,0.18451525139504754,0.6189831580541274,0.2913573193484446,0.22340000982099506,0.17779563241085702,1.0191354203616514
120,1,30,1,0,0,0,-0.5498272354175315,-0.9611596462633306,-0.6727109464137098,0.13645845703370585,-1.108956194222788,-0.3823291469463381,0.17035168605106074
121,1,30,0,1,0,0,-0.5333194905949006,-0.8683513251787652,0.7556597984625933,-0.4907841761198463,0.39630694890708085,-0.05668990774397913,0.2775035002458236
122,1,30,0,0,1,0,-0.09523253946804125,-0.4596301275458585,0.6575230158294025,0.6388101693484658,-0.8572466732246224,0.9609505529010793,-0.32162867028252196
123,1,30,0,0,0,1,-0.12456670081908887,-0.11463684315831515,-0.5342965415424155,-0.6404644528146644,-1.1241950085735846,0.6925230081874972,0.3016532357875412
124,1,31,1,0,0,0,-0.05563705038164079,-0.5852799462218373,-0.31696775067996313,1.6054961241175802,-0.39131960837588914,-1.0513104579847772,-1.5094133529970275
125,1,31,0,1,0,0,-0.29563138340037465,-0.3394633233140378,0.04372852064224595,-0.8362188634484963,0.6266440570658172,-1.7973680171525903,-1.2041867736024792
126,1,31,0,0,1,0,0.20943495574314172,0.045958680856256484,-0.7684563917839401,1.055473162379466,-0.2702943785073725,-0.36984730613825373,-1.4927921265642143
127,1,31,0,0,0,1,-0.8397776566049349,-0.1817736702252204,0.2124152647290918,0.09740576817478813,-0.14308752435752414,0.200381773089529,-1.3813223148516698
128,1,32,1,0,0,0,0.8852052898608226,-0.6211449171711337,1.8548471459918698,1.552424374243015,-0.25028489712798846,0.2091959743129577,1.2024965789438202
129,1,32,0,1,0,0,0.11764137868689215,-0.5339161574537747,1.423475467591178,1.0459242146411631,1.7616643744224236,-1.1469333538479183,-0.5403948610323667
130,1,32,0,0,1,0,0.6074273012481898,-0.3140885564536421,2.2072500467555094,1.7812766572156238,0.36287352349543656,0.9101824599534614,1.023913940792231
131,1,32,0,0,0,1,0.038638593666341585,-0.0028764359739870465,4.080887932015393,0.830197170888367,0.5343101457051803,0.5054778622581079,1.903224014729482
132,1,32,0,0,0,1,0.038638593666341585,-0.0028764359739870465,4.080887932015393,0.830197170888367,0.5343101457051803,0.5054778622581079,1.903224014729482
133,1,33,0,0,1,0,1.8946393630158993,-0.8522880829743775,-0.9900592357142325,0.04465124441931656,0.007111433848945782,0.31986809221336987,2.6962930511509846
134,1,33,0,0,0,1,-0.4518870593701589,-0.23965402612427364,-0.41446767261115175,-0.6117398104812323,0.07562579214677129,1.8605383796325368,3.2539789706823283
135,1,34,1,0,0,0,0.5080503413391869,0.1817446943046045,0.009027008391634393,1.415089854162199,0.027531290047803917,0.06606120703209854,0.7940844782855673
136,1,34,0,1,0,0,-0.05836779174060032,-0.32367767586847995,0.41968231598075806,-0.8852092299852788,0.8755301634805769,-0.03462056884507836,1.0814272297190588
137,1,34,0,0,1,0,2.8083128249177722,0.2367118981627071,0.07844964364175143,0.5203730664513466,1.098572568361452,0.8084977723262692,1.5227587050966291
138,1,34,0,0,0,1,0.7445600124049969,0.8602028085244976,1.0430695705102153,0.3499663552369579,0.5567558670762512,1.8528302530027254,1.7695270945254797
139,1,35,1,0,0,0,-1.3151803113147233,0.1585928803165929,-0.5964821178594895,0.6880901208307459,-1.3933190679906842,-1.26431735053401,-0.709806971771136
140,1,35,0,1,0,0,-0.9561234734874584,0.33517170509258637,0.0366195790177401,-0.699273966015572,0.24689808598761165,0.9787937914149808,-0.821079533195688
141,1,35,0,0,1,0,0.43261395223220667,0.18055332117548872,-0.9837738244980501,0.6475093217937719,-0.1455303132261011,2.1777790902973604,-0.5754609083665236
142,1,35,0,0,0,1,-0.62217486163881,-0.27887522728898534,0.049740748457368644,3.5040073862813417,-0.23448809243031152,1.2828273615482217,-0.8199198126873932
143,1,36,1,0,0,0,-0.0009807439269805818,-1.087271690552528,-1.212302520984746,1.1350032233107563,-0.8599437359378537,-1.7075638133369222,-0.9590752686498983
144,1,36,0,1,0,0,-0.6058019527035635,-0.9773474268254272,-0.6003944265705137,-0.6245988419879377,-0.8545956425555907,-1.8618358757384792,-0.7474165631706553
145,1,36,0,0,1,0,-0.033917455644438974,-0.641512041537496,-0.7608707974785615,0.40313788542687773,-0.42184357151751756,-2.0304052404993724,-0.7834322268529804
146,1,36,0,0,0,1,0.025197452223378117,-0.12037078331444201,-0.10317909214264316,-0.3484728549838834,-0.6718798202913894,-0.8111363882873615,-0.09933852249140007
147,1,37,1,0,0,0,-1.0683790444401158,-2.0063681799079913,-0.5297126289460259,0.9652939865363548,0.13647774357660147,-1.1562086615888647,-0.557868664863116
148,1,37,0,1,0,0,-1.3880863411772368,-1.557098593795428,-0.6821618763843621,-1.300484404227267,0.1539493416782583,-1.174788984105835,-0.5286398588610095
149,1,37,0,0,1,0,-0.3664803951537452,-0.9464397602021066,0.8801187457688685,0.3093620745188164,0.39514564355191556,1.7417286838195123,0.3720154916109504
150,1,37,0,0,0,1,-1.6040467825601987,-1.4913910584553487,-0.6107229004287981,0.7696342759246914,0.08491631703252348,0.5272788108800546,-0.09843596619567498
151,1,38,1,0,0,0,-0.9026169508124504,-2.3631263798956565,0.11826140240958807,1.0716732561781115,-0.8687137517835332,-0.03901964383314075,-1.2467374841315555
152,1,38,0,1,0,0,-0.6348908327279962,-2.2683435861227155,1.5651759777673258,-0.11247544810612253,0.16260507613716096,-0.9413487094359432,-1.1171617051393794
153,1,38,0,0,1,0,0.5531336249620735,-2.164338999730461,0.014110207677668818,1.2555481872050733,-0.5951728873782322,0.8998729546526087,-0.34054755660657
154,1,38,0,0,0,1,-0.14314234312134894,-1.2414899125404124,0.9085321480706627,-1.15355453158686,-2.4197545579763813,0.3470754842414326,-0.6318613547285425
155,1,39,1,0,0,0,-0.7176844769961314,0.3028914023438529,1.0193464991499934,0.27872798151815964,0.6647279306731206,-0.8250664622494024,0.3447428934708736
156,1,39,0,1,0,0,-1.227459365312153,-0.07291474496906256,2.226076189270169,0.20148335890559446,0.44670032483386296,-1.0818565574135794,0.1725649578594899
157,1,39,0,0,1,0,-0.1752930128396097,-0.08112630022021974,2.0738622473457204,0.1038143848947771,0.6708667690183037,0.2620979580593001,0.18959801277048605
158,1,39,0,0,0,1,-1.0826011908457476,-0.02999237878748793,-0.03810106908969133,-0.09927804650440336,0.4864169803976381,0.7683255420803877,0.845645646919604
159,1,40,1,0,0,0,-1.1807562206705093,0.3093459996723367,-0.1750354639138836,1.770087402231316,0.8428029030154721,-0.3794908969481043,-0.3724189884491439
160,1,40,0,1,0,0,-0.6222924778626586,0.32608927208536637,1.006323076935792,0.5839377814982436,1.8859256682536043,0.4140197911003929,-0.3125512660820572
161,1,40,0,0,1,0,-1.0631555213865207,0.762440362915637,-0.5812021916217623,4.042465219958168,1.237377380007584,1.3574214186591331,0.06613567132331047
162,1,40,0,0,0,1,-1.060930267749186,1.8688632513565064,1.0564501371446071,1.755721197870629,0.3125444846963704,0.759932289303035,0.4370912165292005
163,1,41,1,0,0,0,0.8846971472476092,0.8534352451732048,0.050791835913980975,-0.24017151146273227,0.7014967347411291,1.0049318180303182,1.220671628381188
164,1,41,0,1,0,0,-0.13312383663324043,1.0305977136236968,1.3542649490805545,-0.4506036626218326,2.857535630054817,0.9633703130720598,0.6782315626585133
165,1,41,0,0,1,0,2.028794423367782,1.105237958898052,0.6888433517070427,0.32697017663765743,0.8787478854702828,1.8289684717105665,0.3505837214391439
166,1,41,0,0,0,1,1.0573039850223895,1.9843198660672698,0.9012112077699599,-1.0264451892609834,0.5146488984461304,1.284941782228839,0.38067605027609
167,1,42,1,0,0,0,-0.720918467389867,-1.001469517675648,-1.635375007001756,0.8162534816024019,-2.3539372435178145,0.33247646595447883,0.09751618442640196
168,1,42,0,1,0,0,-0.400149183225487,-1.798723598368425,-1.2925564280297965,0.14601240306450283,0.23085142994783808,-1.2186927923130617,-2.0273141574178632
169,1,42,0,0,1,0,1.1760088213440483,0.12735153674731883,-0.5120947592241419,3.7655116141583878,-0.4492616849438697,2.162497418944348,0.6026670346985086
170,1,42,0,0,0,1,-0.024996381245416446,0.4311586367145716,-0.3606757242761761,6.755270385773186,-1.2548560990872593,1.6036017326306091,-0.7185039414093854
171,1,43,1,0,0,0,-1.0803822465190618,-0.8841296210518897,0.6071351085229094,0.7941003272254623,0.35136549088571833,-0.6541171061086607,0.6685475649714885
172,1,43,0,1,0,0,-1.6606167976457953,-1.042300559255104,0.20850370043365488,-0.07769301823514553,1.6952913299506445,0.3131651778446757,0.17344941264643102
173,1,43,0,0,1,0,-0.8092007906291542,-0.29079434215393424,0.6024574480781405,2.466113853048788,1.3980114327091804,1.1163371109425344,0.7525010040252903
174,1,43,0,0,0,1,-2.283943620954035,-0.15206648975792852,0.29015114687888216,-0.2394046408169279,0.18957350326281047,0.7736180731023753,0.7045782115911949
175,1,44,1,0,0,0,-1.4931275556102002,-0.06274353238966417,0.5403519378845771,0.9131527448191925,-1.158937356547512,-0.9549829482933955,-1.7923402096620855
176,1,44,0,1,0,0,-0.8331773552488791,0.12703412803773753,2.230725308033659,-0.4376027938079877,-0.13489608243626658,-0.48671909853914563,-1.2325433288025942
177,1,44,0,0,1,0,0.31157713153852296,0.5972496912799968,-0.2648818215011494,0.9219004351779229,-0.43901668082192574,1.5314426974728308,-2.0736921637336727
178,1,44,0,0,0,1,-1.825729247859333,0.8389094447625274,1.1498023896081853,0.008928702767155367,-0.5612275276572078,0.6638854784257628,-1.9634408869088384
179,1,45,1,0,0,0,-0.10147698629131896,-1.2211297189707917,-0.3590286249261455,-0.45999976201203924,-1.4960414756194897,-0.007010961261791254,1.6750990127346617
180,1,45,0,1,0,0,-1.1209835135747785,-1.0899130446885426,1.9073728481229328,-1.2074467960678554,0.3628509326753425,-0.6837756361893377,1.0677218673516788
181,1,45,0,0,1,0,1.4315185529408831,-0.5921941926132025,-0.16316220422280267,0.5719186576396237,-1.5143622162148993,0.6540740495872641,0.8828936915716192
182,1,45,0,0,0,1,-1.466958732663349,-0.8732366254009957,1.2314832096402202,-0.6584997258254448,-1.6857034410910978,0.1208377726352651,1.7173920434546481
183,1,46,1,0,0,0,-0.40289405560799835,-1.1550253339511174,0.2710135446695313,1.550600935247852,-0.45130766930466953,-0.6934500776088885,-1.2921476423583205
184,1,46,0,1,0,0,-1.061448640085967,-0.8712520719088702,0.4713208545570649,0.1651656812058646,0.6766481722745359,-0.1937108137958928,-0.9643501245986206
185,1,46,0,0,1,0,0.8600160426018121,-0.9378412735543592,-0.04942098566877512,0.7462964851168792,0.48688902251489447,1.1632619283735883,-0.6599216410289385
186,1,46,0,0,0,1,-0.843895796796324,-0.8534737468772755,0.1723207286125467,0.5712755071731833,0.12136242568440272,0.5851574628044421,-1.0497032620221742
187,1,47,1,0,0,0,-0.1978858287838927,-0.33595177451068975,0.7961439285445849,1.4018464966086333,-0.6680831032815152,-0.2426344368551015,1.9393180302086466
188,1,47,0,1,0,0,0.1955640372694582,0.1942858438346348,1.421185896769336,-0.3551384397568529,1.1718496904287743,-0.8296363525205347,0.024959148787204427
189,1,47,0,0,1,0,2.435663228892328,0.2530455489522822,0.24104009266568638,0.5471216051695174,-0.04436445437409891,0.3300008822623961,1.2207054163904738
190,1,47,0,0,0,1,-0.18578596933667427,0.3301660698530614,1.1701244513804532,-0.35175606189912584,-0.5188407686803309,0.8124284670235297,1.6421254900311975
191,1,48,1,0,0,0,-1.0928716722836724,0.33948690871666265,-1.0496164842349038,1.6516010707887852,-0.808849286207312,-2.028843603707357,-0.007017858834895418
192,1,48,0,1,0,0,-0.15275341461251976,1.3623506162436927,0.8135184397265192,-0.22779036620157556,0.5034040771950926,-2.4992408297814444,-0.44636645349046006
193,1,48,0,0,1,0,1.4498009088795694,0.7639898701914173,0.839381338103598,1.1674614410130508,0.1046970815239762,0.17951968036879734,0.06774799178862241
194,1,48,0,0,0,1,-2.633556243495016,2.362394125431953,0.5392222124237063,-0.0462194794917174,-0.767566168562543,0.5824186756399486,0.31448959556181905
195,1,49,1,0,0,0,0.4412989757063872,0.3980818035537462,0.17596757721484366,1.0092767865416687,0.12262972415232899,-0.22885589099665912,1.7365881336097377
196,1,49,0,1,0,0,-0.09158353090356529,-0.3547553991334979,0.08862792965449767,-0.3712919925927319,2.307456533015183,-0.34912877518083085,1.6991971066389586
197,1,49,0,0,1,0,1.5496324277527707,0.6253838300203786,-0.3284119195231841,-0.6912163093590746,-0.18699996796743662,0.6123961180409749,1.4747155890960222
198,1,49,0,0,0,1,-0.2501258412113827,0.8588473965223886,0.25104696665557286,-0.45556195814997746,-0.08528181220797694,0.8724549823312945,2.4896618138812325
199,1,50,1,0,0,0,0.4647087230048001,1.8242014893696052,1.1161819425490478,-0.08210032799319254,-0.30882850553143376,0.2737091777426189,0.5061385378317875
200,1,50,0,1,0,0,0.5261792690157961,0.7331858128882252,1.0429827502614155,-1.481681760200032,0.9408686119331137,-0.39277076761839663,0.19167189521520797
201,1,50,0,0,1,0,0.8665981218202111,2.022020097007948,-0.00935168699789746,0.22098643466840556,-0.9560969062002206,-0.1717627266697482,0.21859419217698361
202,1,50,0,0,0,1,0.19458254724081306,2.173944280256591,2.523259909852755,-0.6381510826973276,-0.11186034992623645,-0.41167614742220887,2.0919458711388237
203,1,51,1,0,0,0,-0.5775125782792188,-0.5802599331701308,1.0492333070123923,1.129518221582747,-0.32395395347608413,-0.854357435227424,1.1505317417944179
204,1,51,0,1,0,0,-0.5017469190881421,-0.3921551983169914,0.7456649718090375,-0.6300634591103242,1.1911752329899552,-0.9758192672329069,0.43881791144540405
205,1,51,0,0,1,0,1.3607474037335503,0.2872671649302503,1.9801659237059999,1.3000782493959886,-0.3466101813598517,0.728997598653188,1.0010695682106865
206,1,51,0,0,0,1,-0.09635790865756104,-0.0899529047308127,1.5208902884151494,-0.5921624816631462,-0.03296987225676582,0.8772497517187409,1.7456710189728228
207,1,52,1,0,0,0,0.588727076559399,0.8579755202972755,1.8924297275665074,0.8214012482503626,-0.3773190870326295,0.6838684327931969,-0.2747377490471679
208,1,52,0,1,0,0,0.45391632412743366,0.4205595169758113,1.7703849955493978,-0.44274398075283167,3.148748701305681,0.5521192461611981,1.0163938792559575
209,1,52,0,0,1,0,2.31972062869263,1.0179117963611002,1.8808460909226137,1.5087916136449786,0.6107229818880932,0.45918395563434194,1.1672310470237048
210,1,52,0,0,0,1,-0.377150959253418,1.2893044370820548,2.664220542945565,0.43939725178964606,0.6641337574995155,0.8292226715661853,0.6039740881986321
211,1,53,1,0,0,0,-1.29895242184986,-2.0112780756110284,-1.5369465075119115,0.11519800598185624,-1.7571243570697643,-0.5648227795007855,-0.8472833426181456
212,1,53,0,1,0,0,-1.6904294558128892,-1.794362844939737,-1.705546211859597,0.2527158058304572,-0.34305035042150017,-0.8437021815939083,-0.9949960416327412
213,1,53,0,0,1,0,0.30321293972061064,-1.9605045282913456,-2.82642070366594,-0.4467635955597457,-1.527268737181748,0.05317106763226118,-0.15877676204953006
214,1,53,0,0,0,1,-0.9072603257690384,-1.4945720119362478,-1.527883564739449,-0.43706316214144564,-0.9934235265448282,0.3022731759523806,-0.24592256037961
215,1,54,1,0,0,0,-0.9737721640845436,-0.3645586675000051,-0.601212131509897,0.41146388291444963,-1.1488775952268342,-0.6946217796794351,-0.36471431278693933
216,1,54,0,1,0,0,-1.4653101399376447,-0.2291563519823615,1.8015378201018246,-0.20790739349928425,0.863424734626827,-0.9172459957011694,-0.8298764866112682
217,1,54,0,0,1,0,-0.014334971850551891,-0.3519719587576621,0.32293764438201045,-0.3554635556700484,-0.21281647269949042,0.5830676625415036,0.5057309176093779
218,1,54,0,0,0,1,-1.231810418664069,-0.4296855341986923,0.7688830692664006,-0.1184309497896096,-0.721068609425497,-0.5084616852999365,0.3843580116831553
219,1,55,1,0,0,0,0.419817026553264,-0.7767214016941495,0.28356468342289465,0.6502551510676015,-0.5405395343241023,-0.11946199596583976,-1.0048953976019714
220,1,55,0,1,0,0,-0.3724479308522277,-1.9025097239075073,0.9326046419758651,0.03797214860186405,1.6415150021116072,-0.1372616082689935,-1.222398998641836
221,1,55,0,0,1,0,1.1225225529021932,-0.8954190264671114,-0.11697940091607742,-0.1847549619642853,-0.704186676582451,0.8771324285988616,-0.987239376887869
222,1,55,0,0,0,1,-0.328995136849026,-0.5916141740920136,1.5258558956873318,0.006398421728844584,-0.5816333659270843,0.9722761265151503,-0.4275159511890156
223,1,56,1,0,0,0,-0.28544671979363,-0.028873143946062396,-0.22489915373824484,-0.23658701769800752,-0.07037277729780467,0.2459348202700257,0.9693327428174624
224,1,56,0,1,0,0,-1.124324298310277,-0.2047566053664733,0.6435659115587192,-0.5840080477588786,1.3827406965999554,-0.10798835100621194,0.6502494448727357
225,1,56,0,0,1,0,0.8206174260366834,0.48375915444468026,-0.5932110129667155,-0.10467585681291959,0.3665633013068027,0.6675715995255527,1.078687558672439
226,1,56,0,0,0,1,-0.29229957826224756,1.0417974548601197,0.9021923937375528,-0.31553996541843365,0.5987819470730126,0.7680878564743865,1.433437503084003
227,1,57,1,0,0,0,-1.2647925661421127,-1.532126189682992,1.004103953167713,-0.14505268045180753,-1.1243317741399068,-1.4648552834813475,1.0366835683609146
228,1,57,0,1,0,0,-0.6873066057985977,-1.2380929962779745,0.846739759969205,0.07076364392935468,1.151363830396185,-2.0707697047600626,0.5540126664849865
229,1,57,0,0,1,0,-0.34128572451074346,-1.1631627933275344,1.234805741177374,-0.5287778275875415,-0.7825703199293146,0.8926786111493917,1.8344296150159425
230,1,57,0,0,0,1,-1.308988718722735,-0.7758795106292806,1.6384840317265033,-0.1970780045890245,0.20633806637223767,-0.9981186315461955,0.879920585808686
231,1,58,1,0,0,0,0.5490491304556367,0.6832769328171898,2.00940482940609,2.586890314369573,1.1807324711382416,0.12936065879746364,0.003822189361993374
232,1,58,0,1,0,0,0.48912011525019455,0.5634949254087582,1.092308263394351,-0.5635785959259297,1.1414131298351335,-0.5794663773389149,0.7540850916411073
233,1,58,0,0,1,0,2.037604479866996,0.5664496002391277,1.0274063262226412,1.9072547058499134,2.0578424909624786,0.23280102450549056,0.5822271529975832
234,1,58,0,0,0,1,0.763682036449221,0.43260081408455214,1.9423698748195553,0.9729196264591169,0.5976282859641927,0.7162550887441045,0.26861929828219006
235,1,59,1,0,0,0,-1.2856854124795747,-0.30483780771816826,-0.26807919342871056,-0.10743141684458248,-1.3716357794055871,-0.6353412415372496,-0.18724328846979169
236,1,59,0,1,0,0,-1.3327469522014819,-0.25592444772941014,1.0552942833588828,-0.10597368750461346,-0.9782210465045624,-0.7603466941555561,-0.9936876254194472
237,1,59,0,0,1,0,0.9428244990073753,0.04743708039386953,-1.1816681536884808,-0.7110686123780549,-1.3571712661915882,-0.44355529710397884,0.034911508049309106
238,1,59,0,0,0,1,-0.21616495924131038,-0.09666355309424784,0.18231821788252445,-0.8768597440563781,-1.5707355334021562,0.45775069196263796,-0.6409451539131281
239,1,60,1,0,0,0,-0.6894754232925177,1.2683120443080915,-0.7719881804646992,1.115821047745836,-1.0546345683006833,-0.3221051034460006,-0.3063200810981458
240,1,60,0,1,0,0,-0.904499116146225,0.3210627680370412,-0.18436391158363416,-0.4151083318666798,0.036262844931705104,-0.7342052974443519,-1.0832444540564437
241,1,60,0,0,1,0,2.560423462560791,2.394852818429789,-0.756831323376359,0.29227670109010095,-0.47487951613634183,1.5722496668290313,0.8528045689556716
242,1,60,0,0,0,1,1.022126333752903,3.3525440438768954,-0.6724169007397578,1.0348122862957483,-1.1646272579376635,0.8492979024531504,-0.5175951093390544
243,1,61,1,0,0,0,-0.3401428801506368,-0.226830194612317,-0.742481615518666,0.29259149646070465,0.19863110818924196,-1.508350994657487,-0.9835072207595867
244,1,61,0,1,0,0,-0.6892265838400067,-0.21176037432783806,-0.40094277533041195,0.08252126039267164,1.9799363479191268,-0.6382153480238335,-0.7179580096462812
245,1,61,0,0,1,0,2.2395452040077357,-0.6932062282612621,-0.624583682867153,-0.1555926112281791,-0.2753473440389297,-0.4351207718115266,-0.47020815293378987
246,1,61,0,0,0,1,-0.77275723145613,0.44540632421613013,0.12896495587125079,-0.24973623678084061,0.0021087123523573343,-0.11389137413553593,-0.37370777649122244
247,1,62,1,0,0,0,0.4360138224067874,0.2627769638174364,0.25719431551726657,0.5216430625664409,0.1618798609769169,-0.7989602526549321,0.2747865232240041
248,1,62,0,1,0,0,-0.9034068517682583,-0.044476969793730795,-0.24345790491266384,-1.113774598777346,1.2043218144847303,-0.33650291225841394,0.4055379317250116
249,1,62,0,0,1,0,-0.3305231443233575,0.18548806616286306,-0.27196726521331044,-0.6546674884707323,-0.27175599945092077,0.20420903077578356,-0.9736702961065558
250,1,62,0,0,0,1,-0.5974836536989181,0.8740689557061564,1.7258800727459096,-0.35439185532659273,0.8905324464098456,0.17134336239031492,0.5364939635937593
251,1,63,1,0,0,0,-0.5246406425404532,-0.6686969655254583,-0.8369274748224608,0.9137217949068975,-0.1976869602698421,-1.5084688735108092,-1.644987004695558
252,1,63,0,1,0,0,-1.339712607811063,-0.615084636145458,-0.15336140545242297,1.5092178299400112,0.9038276072387067,-0.8197154687504026,-1.8054824198133193
253,1,63,0,0,1,0,0.7773002504172207,0.30788776495616443,0.6715357139863324,0.3699558960834016,-0.2369631992564654,-0.01336799040341318,1.2887391826558408
254,1,63,0,0,0,1,-0.6634384878512675,0.19011072725102335,0.07641515040542271,0.47481099427093054,1.054670767052609,0.26315087871834253,-0.5696480391721868
255,1,64,1,0,0,0,-1.1647476045793537,-0.47456200323086756,-2.0481297491231913,0.3865338806841179,-1.1434456423044024,-1.0809100552534896,-1.530210141223626
256,1,64,0,1,0,0,-0.7378237178801053,-1.0472241795060948,-0.7144352397142826,0.3766472735007711,1.5190317756043594,-1.128175829424327,-1.7174347710067421
257,1,64,0,0,1,0,0.6033020295115489,-0.3116733827576854,0.04133481300882305,0.03597287491634469,-0.2688531227806527,-1.0231974439198028,-0.8170584220283325
258,1,64,0,0,0,1,0.35064411171723764,1.0538103097897662,-0.9889455192546663,0.2825906756116567,-0.48330385453582453,0.18040397950868492,-1.4189572519262408
259,1,65,1,0,0,0,-1.417437097493836,-0.020343217219016104,-1.1605582850413587,4.453839942450492,-0.7218564473159114,-1.571686772151289,-1.403420166228238
260,1,65,0,1,0,0,-0.7022160191672836,-0.21557284717339578,-0.55005543408402,0.45721105684438773,0.23595966957505207,-0.8686518417796972,-0.759564154015772
261,1,65,0,0,1,0,-0.048092365079090815,0.09565585065444998,-1.5799573515628547,0.788547971915633,-0.7340291292279708,-0.5583767233639834,-0.49024344437461576
262,1,65,0,0,0,1,-0.9517591980335997,0.8239130831797876,-0.27036357142544154,0.6001883954602754,-0.824861746235793,0.23733539007605672,-0.7897817865050042
263,1,66,1,0,0,0,-0.9611897163048263,-0.6620149641168698,-0.19294069835422537,0.6571843110823516,-0.6321122569492751,-0.9043362796653787,0.36794186421646374
264,1,66,0,1,0,0,0.2926391808490069,-0.49082805436186205,0.19051965679516875,-0.3493564924342688,0.7040138728065596,-0.8031348692645959,-0.34927628616948986
265,1,66,0,0,1,0,-0.2316894010348617,-0.3979608975188273,-1.7402170026333985,1.5703996411029144,-1.4284082275182852,-0.6651782992709804,0.4441888994669679
266,1,66,0,0,0,1,-0.42391581999863165,0.2862608295001018,0.5220051197811524,0.5552927899241732,0.00960492424176641,-0.6935249684879363,1.1679181887079038
267,1,67,1,0,0,0,-0.9542882636728829,-0.8179501703346391,-0.22127840747725724,0.2326048672375288,-1.5901316228104279,-0.08829001865398761,0.03848108765090985
268,1,67,0,1,0,0,-0.4151090240922004,-0.22351616369417324,0.43911682762075127,-0.3780799929996259,0.9017722072372797,1.2429692948590623,-0.49057317430774794
269,1,67,0,0,1,0,0.17420436871061545,-0.10309094451883435,-0.4412370883439039,0.2451158771682494,-1.076849657193035,1.8630737727865347,-1.4154295628331957
270,1,67,0,0,0,1,-0.3818815856750971,0.4334453193611895,0.7888498380591792,-0.15662085022420275,-0.3170562229289803,1.8520576757315745,0.5015348554467429
271,1,68,1,0,0,0,-0.6330999723407573,-0.6084262510117232,-0.21036939275253627,0.8494938045516637,-0.165251089748995,-2.0468352749616643,0.6742265469478107
272,1,68,0,1,0,0,-0.185642124349098,-0.4602170268174093,-0.38359388037212006,-0.7298873970276414,1.465696871786761,-0.45876535259840556,0.6854180855936626
273,1,68,0,0,1,0,0.9674142615759277,-0.23241811988774289,0.6878274629186419,-0.2874578506268758,0.8840732834042306,-0.1911682338775018,1.7314515783134539
274,1,68,0,0,0,1,-0.4731149653992551,0.3449690145940257,0.7253025667542911,-0.27384293898843487,0.6207954714323488,-0.7296188524228048,0.9620996036675413
275,1,69,1,0,0,0,-1.4847851001155352,0.11797257857111657,-0.07689817697389621,1.4146722775341072,-0.2502528781375117,-0.9095691863643587,0.6864144761283274
276,1,69,0,1,0,0,-0.5835203857647687,-0.07015796002109927,1.3295390928005622,-0.9869235622130238,1.6860646900672254,-0.7303464818292306,-0.014153686486030354
277,1,69,0,0,1,0,-0.10735515345538532,0.4595822268539665,0.48221988280953726,0.754674514540405,1.008381495971821,0.26477602464297595,0.4804308262266674
278,1,69,0,0,0,1,-1.647437595854606,1.0246455507153673,0.5681634521580804,-0.7572574996237582,0.6590684023102915,1.0137322546328145,0.8634641222226679
279,1,70,1,0,0,0,-1.0730812979728337,0.43485059595099507,-0.7008374886695463,-0.22008886432453054,-2.4902213251139464,-0.5593710902034199,0.21749518933100634
280,1,70,0,1,0,0,0.41939665736751525,0.43956896357817854,-0.40180046187071483,0.16658748803148551,0.22780271879079214,-0.21575499636469384,-0.7326798564733183
281,1,70,0,0,1,0,1.640928179374037,0.9254964224819959,-0.8644777308166194,0.6305774115745693,-1.5518882058438717,0.10370102511986878,0.22241049701525337
282,1,70,0,0,0,1,0.37379824234801795,0.788115216650545,-0.3685704290327488,-0.5584943191169334,-0.7332711676032541,0.6231780581802333,0.044416695580260505
283,1,71,1,0,0,0,-1.2869545763424397,-0.672241452258976,-0.8340799968359025,0.05154986525015559,-1.2578002094193956,-0.28869835315738196,0.6992186554035499
284,1,71,0,1,0,0,-1.469510343263732,-0.5330387701896204,-0.1325445128922258,-0.6680924619097365,1.5295137931232572,-0.4188133744557019,-0.5064658226848663
285,1,71,0,0,1,0,-0.1510242759044982,-0.5034673954459713,-0.5025240131374284,0.06348789020667778,-0.9583842844266385,0.21641262936228225,0.7316365669988224
286,1,71,0,0,0,1,-1.2732169458165132,0.11716274876261974,0.30035015735135345,-0.426390144147377,-1.1049190199745156,-0.29304293034498946,0.928473795862347
287,1,72,1,0,0,0,-0.9667736602541602,-1.7444852358342198,-1.6827379426598792,1.2459623245210405,-0.7787873455536151,-1.606726831737498,-1.2119400075292852
288,1,72,0,1,0,0,-0.9679479393102632,-1.3204533661492543,-0.25970891508566923,-1.2647721313366982,0.4950847503070777,-0.6611150427813259,-0.6251580949084937
289,1,72,0,0,1,0,-0.36523965106509754,-1.2907435177030107,-1.0389009504581785,-0.3073293271538925,-0.9381038597349509,0.000668487995272855,-0.5860884769943296
290,1,72,0,0,0,1,-0.994680385683861,-1.0732089739008084,-1.147054541901983,0.2714846797345427,-0.20126969723534718,-0.7156680005056612,-1.0693448425475562
291,1,73,1,0,0,0,-0.32231233333771836,-0.4701568187779234,1.5225340367918314,3.3127993894362815,1.078928989109505,-1.851707473901845,0.4340159124156285
292,1,73,0,1,0,0,1.0797536436487307,-0.45264842349934836,2.216260823483973,0.46162654805773173,3.235619155711695,-2.3088626831113537,-0.6846468217179785
293,1,73,0,0,1,0,0.2380739213263605,-0.5789241004820253,0.7130514545516597,0.728616237958005,1.2062906992253102,-0.7464876990020124,0.5523504405297601
294,1,73,0,0,0,1,-1.2343861121984794,0.42604364349396096,4.180338616910481,0.008560032672928255,1.3749640618740258,-0.45640667716485933,0.7212080459115089
295,1,74,1,0,0,0,-0.4904962966537775,-1.4718687159455006,1.2252417558409394,0.5170271277891282,-1.0985046193103671,0.03695168021568404,0.848524275628126
296,1,74,0,1,0,0,-0.7994787513554517,-1.3578939494048496,0.8470486935697564,-0.8393081311333958,0.35737172486231294,-0.8012478506701441,0.8952579684624946
297,1,74,0,0,1,0,1.9807766441609194,-1.055496103783932,-0.07252784312150824,1.1803200934023401,-0.1374762325244462,-0.6608407795066988,2.001078629697332
298,1,74,0,0,0,1,-0.3745440172155517,-1.0350827550168031,2.0090193070117364,0.13777060028791288,-0.1709085075076285,-0.04562670284290204,1.337074457442433
299,1,75,0,0,1,0,0.5637693052728628,0.029992221687179424,-0.34037844157443936,-0.11924829160462945,-0.6630342810415427,1.5192459228258075,-1.199292988913125
300,1,75,0,0,0,1,-1.182133871445859,0.3438147534653349,1.6797580612365552,-0.9549858184967243,-1.0382791827778937,0.3837926224359722,-0.48986272442326934
301,0,76,1,0,0,0,2.5182407714143733,0.877096437837936,-0.19719314496256177,-0.4435726671233564,-0.12544734823432338,0.4697737746487304,1.58876466767273
302,0,76,0,1,0,0,2.3808095202111073,0.3682510421023581,0.24677599397739275,-0.5346807772925563,2.2191673046056604,0.2874173048723317,0.2538162941907933
303,0,76,0,0,1,0,2.6765161323024924,0.13200175716662174,0.040100889095434335,-0.7289003263099992,0.6860671475955543,-0.20290405191570127,1.76761004666024
304,0,76,0,0,0,1,1.4581803866913736,1.1176318650097,0.1084073546491667,-0.718204355641691,-0.8080675349028533,1.3370528317419241,1.3861859363442468
305,0,77,1,0,0,0,-0.302587276274972,0.2686318227429391,-0.6217224656411772,-0.28376616032898533,-1.2966721886265822,-0.5722593610733763,-0.70632821733493
306,0,77,0,1,0,0,-0.04088160346837245,0.3811337646283094,0.3802204911735787,-1.1463875676961457,2.1063653908516025,-0.30841135023249866,0.3544760365428031
307,0,77,0,0,1,0,1.8270717770276352,0.2425956580118552,-0.10873248125710193,0.10356923576772022,-1.1593788242884668,0.19947519082977197,-0.3364784784286384
308,0,77,0,0,0,1,0.05416778809873534,1.5505480126806102,-0.14691098891063306,-0.22548694093429822,-0.6019958825357282,-0.7338333863663955,0.019976400294326416
309,0,78,1,0,0,0,0.40174049945355383,1.7595183061168091,-0.6255762387544309,-0.04093632090397276,-0.5590544676162073,-0.03900265388167173,-0.7303908008501563
310,0,78,0,1,0,0,1.697857945986113,2.696208335893382,0.295824461810322,-0.6781899216253443,1.0891152616074615,-0.11218795113301584,-0.6315266831808208
311,0,78,0,0,1,0,0.8570530240737326,1.7445837089278504,-0.5985871377206278,-0.3254989066528725,-1.0007470612664713,1.5007601647583462,-1.1035937290161635
312,0,78,0,0,0,1,-1.288484536462006,2.4549145889983977,0.5105837237911094,-0.9136065589912878,-1.9020087181976413,1.3040675159251423,-0.896991998530538
313,0,79,1,0,0,0,-0.0318183301714168,0.8050270458089357,-1.2002031948012284,0.6111063949874964,-0.7320434609305121,0.8454454049181164,-0.4277903979639705
314,0,79,0,1,0,0,-0.1390700156080895,0.38947268377610034,0.39410566002319997,-0.5754514900372324,1.5706176391855282,-0.47943946824943445,-0.47554898470011137
315,0,79,0,0,1,0,0.5360222335686515,0.7719580983257873,-1.835392464414336,-0.12962364619678077,-0.2265559213631014,0.2049936942908174,-0.2682000313918623
316,0,79,0,0,0,1,-1.836567310457697,1.6562236083599224,-0.9478104101072458,-0.5567400350601663,-0.9358618521251502,0.5840704501676629,-0.21214804433777618
317,0,80,1,0,0,0,0.9340927789696556,-0.1729420724959603,-1.1252590072803463,0.6272856011450058,-0.2578672474620135,0.2901341448168544,0.5815321076122824
318,0,80,0,1,0,0,0.7445047865909683,0.13953371111330923,0.8356844111483462,-0.9883503183426835,1.8420998279410143,-0.142980292342597,0.26546632322653513
319,0,80,0,0,1,0,1.8553657804753925,-0.02659956544749898,-0.7756988249370824,0.022937169384890252,0.11217441366466246,0.44074763210403217,0.23278560570747323
320,0,80,0,0,0,1,-0.369872657822955,0.2188424167553555,-0.6305236285085666,-0.3341324033147335,-0.1594103594849965,0.9592079088220029,1.218148436488881
321,0,81,1,0,0,0,1.3809642037025147,0.9732718648318228,-1.0109048528829518,-1.3515967179284838,-0.3063500940534216,0.8780799573550921,0.9567572431080394
322,0,81,0,1,0,0,0.7678785298326044,0.7013118994364675,-0.8993904488445179,-1.970717576218207,-0.17293079246128618,0.05115926386781337,0.18952614128735057
323,0,81,0,0,1,0,3.0156962243126864,2.042262222505887,-0.6417922412300207,-1.8332452514620083,-2.3408110596102465,0.6621780410700103,0.5941500034220472
324,0,81,0,0,0,1,0.6250077307369442,1.7467665048830232,-0.8415771605523744,-2.0234510388700735,-1.5306929559495306,1.4609211304711418,0.3301922114685053
325,0,82,1,0,0,0,-0.43436020906613054,-0.8743093144046185,0.6414657230390237,-0.04989271129431857,0.09250229901492645,-0.8336261683883053,2.388372111466616
326,0,82,0,1,0,0,0.6734417209095025,0.06599235965805975,2.0874455064170667,-0.5035249829107816,2.8595681421365655,0.502211198658433,1.0210312686940537
327,0,82,0,0,1,0,0.5218799835965233,-0.21451042540259646,-0.37606650020228044,1.1332606192217285,0.32707472917708097,0.25165689918104756,1.9146970488837265
328,0,82,0,0,0,1,-0.24257550473260348,2.6512747762027797,1.799156873484283,-0.41876683713311663,-0.32695635364731146,0.6061530230907054,2.022109277747074
329,0,83,1,0,0,0,-0.393644011944056,1.1017772283753295,-0.6747112619749981,-0.6198590245465214,-0.3523179027454003,-0.4548507339526199,0.9767300959147855
330,0,83,0,1,0,0,0.3409238831313982,1.2911936654009228,0.7745190034250807,-0.2751862788931047,0.985511132696155,0.3262193140623257,0.36389766240501986
331,0,83,0,0,1,0,0.8860546609754605,1.551331008933414,-0.8367797286755196,-0.1019563649797032,0.2777088705324596,0.13090844695284248,0.5618962134527202
332,0,83,0,0,0,1,-1.5119914738360032,1.6388752165756522,0.16795284795877002,-0.9937822839895087,-0.8209978223551135,0.36389493856526967,1.4423049259605358
333,0,84,1,0,0,0,-0.7359451734134379,-0.37025778982268415,0.3508731531946986,0.39863992296753126,-0.22360775027124666,-1.1904122399112762,-0.028577488369042885
334,0,84,0,1,0,0,0.3767664765301523,-0.5329752179565587,1.1397688538230273,-0.8296059451407467,2.3624838654616718,0.24613730777271375,-0.1351524532677325
335,0,84,0,0,1,0,1.4023333240750002,-0.5793095878814103,0.11386954833378893,1.484261635888841,0.3510362125183201,-1.7194781542850315,-0.5737053107514266
336,0,84,0,0,0,1,-1.6735525059260934,-0.5286709182863865,0.8278751584022246,-0.3769350390444468,0.09938551996803652,-0.5457905345278559,0.3550555574403829
337,0,85,1,0,0,0,0.9566661449092984,-1.0903114337361557,-0.6238138667028756,0.34799386429555823,1.0112252014735024,-0.5894847462168427,0.24183465831117246
338,0,85,0,1,0,0,-0.921599093128963,-1.4260114307508889,0.9964883108828918,-0.5249015612470741,1.9633451571001266,-1.4078148940977597,-0.11927983044950215
339,0,85,0,0,1,0,-0.6689429853964438,-2.057896239336633,0.036797521861571356,1.461759982453512,1.7473956833215585,-1.2732824731400614,-0.28848156499220046
340,0,85,0,0,0,1,-1.2040184297117211,-1.1259474445339395,0.35034085768505185,0.0787782465268205,0.5312640523798793,-0.19366475157633078,0.4643286750991941
341,0,86,1,0,0,0,-0.493055066211449,-0.7448871396510884,-1.109285617379767,0.08499000411563502,-0.1942091273256555,-0.6624304539355834,-1.0316955039113243
342,0,86,0,1,0,0,-0.8173540551727282,-0.9084520499570414,-0.269520223862105,-1.4216844956879584,1.721834253001298,-1.554922842575535,0.1771602552857444
343,0,86,0,0,1,0,-0.19679794200796066,-0.7351625521222376,-0.8374278037055988,0.9710632330671062,-0.4361433550059436,-0.6560103604575341,0.22693011735337923
344,0,86,0,0,0,1,-2.060896166011739,0.005095543809661856,-0.9116479731646031,-0.45340743200870903,-0.8962892336425634,-0.03371785609408487,-0.5627182584581367
345,0,87,1,0,0,0,0.6154141049443902,-0.6920558870216391,-1.614001056602049,0.2444225961280465,-0.6609233265427145,-1.2001858139623705,-1.1781191283644439
346,0,87,0,1,0,0,0.0031849905433135165,-0.22330441406554702,-0.6320058032528446,-0.7660208601242956,0.08820404795996513,-1.5848550157831778,-0.7078394924366078
347,0,87,0,0,1,0,0.9245751668326004,-0.7519532417557789,-0.7183538729980711,-0.49058123663630065,-0.5132895172976382,-0.33794224119178257,-0.7315840192731918
348,0,87,0,0,0,1,-1.2332544999845412,-0.15760093434094605,-0.14527919699150363,-0.7458532340135322,-0.9083277215389908,0.6733786859113792,-0.8417910192250877
349,0,88,1,0,0,0,0.43326521785853433,-0.2630397124388156,-0.4201616903156998,-0.26434079081910533,-0.10328377900200679,-1.823591856808369,0.6292536700820407
350,0,88,0,1,0,0,-0.16665382405837845,-0.13543707939713856,-0.7629428260642063,-0.6315265329202019,1.2518829654271026,-1.5472001139760734,-0.30992059402983446
351,0,88,0,0,1,0,0.6521302283639765,-0.21001820954877012,-0.43155509641524176,-0.055194645913970816,-0.09826697416988996,-1.4860091676044407,0.4767426060513938
352,0,88,0,0,0,1,-0.9836498919292236,0.3914885453067833,1.1342039476582304,-0.04221113405247132,0.2974372222846656,0.5582734675548444,0.97292734321885
353,0,89,1,0,0,0,0.1695094891371946,0.8665980901468354,-0.9085129763662619,-0.5058195558790445,0.037756057358731165,0.6822175205377236,-0.5619679473976968
354,0,89,0,1,0,0,-0.3698727555897416,0.6319991526391593,0.013116005201191128,-1.1862245078494635,1.1153924767130372,-1.0114912961445681,-0.7437041446848967
355,0,89,0,0,1,0,0.4834425474076679,0.8283294278242127,-0.2197388452502424,-1.308835520095319,-0.9362843004020022,-0.32604840381994904,1.1549016241357608
356,0,89,0,0,0,1,-1.8694803812384393,1.0093000907587073,-0.7134278356992443,-1.4552717878030834,-0.7525609445628322,0.5402121556683606,-0.14712607417344764
357,0,90,1,0,0,0,-0.18680754779453893,0.36424626402366045,-1.8483864441993894,-0.6844045246553466,-1.065979114143139,-0.6593605511445547,0.030080345517854892
358,0,90,0,1,0,0,-0.609637137243157,-0.00134991305937836,-0.33288146814206193,-0.9474861297773002,0.7190404841811315,-0.5819752911030336,-1.0728530783424093
359,0,90,0,0,1,0,0.49780918298180055,0.69000240853274,-1.858882565823591,-1.1186133982523014,-1.5204731763504544,-0.03910635365870453,0.12896613583133165
360,0,90,0,0,0,1,-1.755674332093566,0.9322221134849981,-1.3173960920692445,-1.0952228537893172,-1.3848378190820179,1.245773836669629,0.3971037131154766
361,0,91,1,0,0,0,0.893017931170017,-0.6613344240937824,0.1991495915894038,0.21260309671539177,-0.21278435084080816,0.40803287913776326,-0.23299013429816823
362,0,91,0,1,0,0,0.34472998094011814,-0.8233928604778912,0.08445703553240462,-0.14835992805239917,1.1634431477548541,-0.5832709604219154,-1.2733461809000466
363,0,91,0,0,1,0,1.4618810528021844,-0.58593069651467,0.6596641448161991,-0.49025226248321396,-0.8780037176646579,1.0504256516455708,-0.2371274569289717
364,0,91,0,0,0,1,0.08394968687609294,0.3851950965466497,2.523098035905462,-0.33274539877134873,-0.6766517955864502,0.615156576971683,0.4469487503807675
365,0,92,1,0,0,0,0.9234555555188786,-0.6288347460680754,-0.5223879595159905,0.23823303124035908,1.2457078379873567,0.1448754543251046,-0.18890623038185397
366,0,92,0,1,0,0,0.37773803881944756,-0.3882806019333017,-0.7097029240017578,-0.3075280472198646,2.242445801452979,-0.6221746369240472,-0.8819630682669919
367,0,92,0,0,1,0,0.2069596788583372,-0.5337380967820805,-0.8019251935473357,-0.2920344277423603,1.1646641357012264,0.3456125511367461,-0.4394230223171796
368,0,92,0,0,0,1,-0.6594931964777603,-0.2850028484476319,0.2519905558348696,-0.7800923066040425,0.5861028664749421,0.4046768269413032,-0.12451625761445201
369,0,93,1,0,0,0,0.3572379280133199,-0.8749477657724242,-0.9370501725535213,0.2725768715353493,-0.8807686823271365,-0.8080167835564489,-0.6743018040253634
370,0,93,0,1,0,0,-0.008132063470395249,-0.5828215295174901,-0.7203236053059059,-0.046375705606112504,0.40571383744626605,-1.649489603542831,-1.5539739842532758
371,0,93,0,0,1,0,1.216664781357867,-0.7473950244841475,-0.9583323275780499,0.0372892345866966,-1.2997450292408408,-0.7817707078162173,-0.7269624649276047
372,0,93,0,0,0,1,-1.6663733362456568,-0.9693151595455254,-1.1257605006419618,-0.26330238411445145,-0.6600922249727141,-1.3115601148652385,-0.12363129390392903
373,0,94,1,0,0,0,1.0216270254925905,-1.9495133570990606,-0.6787352002990299,-0.8895578595854751,0.4893776789977078,0.5073186774669645,0.38445885249116585
374,0,94,0,1,0,0,-0.05189016237976835,-2.352080958687224,-0.6809773587867777,-0.3185948294185191,0.9270223036543392,0.2946408044894012,-0.4715476882401598
375,0,94,0,0,1,0,1.000122382353003,-1.8728642479362834,-0.10038642846366241,-1.5900944535024373,0.21007005864401235,0.5565166776474065,0.7452806576394758
376,0,94,0,0,0,1,-1.061288725236707,-1.5234516571071335,0.34469810090026526,-1.2071995203239068,0.2852051618990563,0.3697289865706297,0.7049032190200458
377,0,95,1,0,0,0,0.8672734817909308,-1.0495563505392602,-0.4936238853850063,-0.22751169789338038,-0.3988632851556614,-1.4442771215217627,0.654984568857124
378,0,95,0,1,0,0,-0.6588876303568989,-1.0634591508710987,-0.067132029439694,-0.7317838992292446,1.6696194492080687,-0.2350955646471577,0.14522141713961328
379,0,95,0,0,1,0,2.374479354498532,-0.6157950813255698,-0.6285771373569823,-0.03168216587246425,0.5822018576474268,0.44149588822361535,0.4735398508710842
380,0,95,0,0,0,1,-0.6297203051803489,0.09850772316307489,0.07578043594618045,-1.6662251632985,-1.2100352851292,-0.07150907434768788,0.9272806166473196
381,0,96,1,0,0,0,0.23930299430680535,-0.7288439650919561,-1.3825525905284373,-0.5746038796649989,-1.6694355562244427,-0.9193664616908567,-0.5443251481232223
382,0,96,0,1,0,0,-1.0699681069320475,-1.364679527835969,-0.0039639287728388175,-0.47593261348344407,0.4545925732267782,-0.5905425169559865,-1.4822176932744733
383,0,96,0,0,1,0,1.4239938398289869,-0.1921222262045913,-1.2918538312251326,-0.9046972606342483,-1.6704579987264132,-0.7362445720566808,-0.4576157248749439
384,0,96,0,0,0,1,-0.4551249754070827,-0.5450913534316585,-0.6992377232960358,-1.2260577176178473,-1.9424012757654783,0.6904361982960169,-0.7603888030596443
385,0,97,1,0,0,0,-1.121513683409147,0.02066219429400695,-0.7048041385463261,-0.05096180652520831,-0.5034944580107429,-0.8953318002519827,0.27993070396634107
386,0,97,0,1,0,0,0.061301979859490215,0.3994354670532293,0.2631301211672207,-0.6145117212842862,0.7683970376226692,-0.9842232528027809,-0.26030417927405314
387,0,97,0,0,1,0,0.2923903962384013,0.4206641484694517,0.19305431586996621,0.061570690900568874,0.7996768426768334,-0.47292265069409434,1.100537281620408
388,0,97,0,0,0,1,-1.1145946546294165,0.5079247604997966,-0.555457658997254,-1.1496791537618019,-0.5738371099687711,0.007689696795374215,-0.08253023720903674
389,0,98,1,0,0,0,0.25033013473790916,-0.5613413955588705,-1.1115945671248868,-0.03851656196560891,-0.7799506855444355,-1.7866046992195583,-1.0866144925171661
390,0,98,0,1,0,0,-0.5247645786443288,-1.2609466423617786,-0.32721856357108303,-0.7227107947235086,0.8629453484110653,-2.145307830110236,-1.1599743423338085
391,0,98,0,0,1,0,0.6463399637303852,-0.4838488547307221,-1.116445242084896,-0.29843438619015095,-1.2006990374898656,-0.8765708747727318,-0.6260420179234295
392,0,98,0,0,0,1,-1.0808534044713678,-0.29363495343780743,0.448866063461804,-0.7083473397111356,-1.1583999129787823,-2.071468494121371,-0.8941498041466941
393,0,99,1,0,0,0,0.2645153293899785,0.5882617856945804,-0.5283678686760978,-0.6880576200832145,-0.5800436810509564,-1.3265690895294884,1.0146185288879517
394,0,99,0,1,0,0,-0.9963297801610755,0.6170648739679242,-0.29251357705754194,-0.37868386055414294,0.12303573264206596,-0.7404725379682116,-0.8465875852066107
395,0,99,0,0,1,0,1.2530874155538514,0.8926643894525716,-0.9625354928957799,-0.5186070964455076,-0.04249540016469123,1.1996280039909248,0.9419769875123502
396,0,99,0,0,0,1,-0.3096530235156594,2.187296380982664,0.059573907979731194,-0.6562200810906441,-0.9547520501067488,-0.20397563618174352,1.0728026156456607
397,0,100,1,0,0,0,0.9000752135111066,1.064459663263568,-0.14372972450803406,0.014208049291061878,-0.354133404962274,-1.301588264159496,0.28482235302584774
398,0,100,0,1,0,0,0.31509090491965236,1.2385666179913268,0.22997170329747457,-0.7482211530887025,1.0930036580336242,-1.9001917565611164,-1.3200659211448929
399,0,100,0,0,1,0,0.6004036799123582,1.045159406917354,0.6233684769372649,-0.2641373780266097,0.0042201467985028855,-0.913729440438849,-0.18568635229060518
400,0,100,0,0,0,1,-0.27446416461777523,1.899010181889405,1.4451354225311552,-0.8017932312972902,-0.1413246071438212,-1.7487409091708614,0.4378873977879584
401,0,101,1,0,0,0,-0.49887194851593536,-1.022199710538548,-0.24313505770313334,0.24267264552761308,0.15195729591111626,0.006143717757650758,-0.18666279264222319
402,0,101,0,1,0,0,-0.030707943472961144,-0.918521626326775,-0.4706186420715297,-1.1792513418840829,0.07362337007161227,-0.7330476303055129,-0.8491100034163298
403,0,101,0,0,1,0,0.04333573166203784,-0.7046996295036219,-0.9437989877011592,-0.4023514269497001,-0.17082951233936913,0.3690132953795494,-0.864491245727079
404,0,101,0,0,0,1,-2.3820383939333314,-0.32961467921500764,-0.16230728568306688,-0.969276158089619,-0.0016763027955168112,-0.11980989287973702,-0.39579674174701124
405,0,102,1,0,0,0,-0.4688858977244666,-0.8537089507658775,-0.311133137069383,0.26264982473929893,0.6871324952153627,-0.7852016411635031,0.16421275897649634
406,0,102,0,1,0,0,-0.08786041866358442,-0.8565312699616685,0.692697150275654,-0.48636918590990225,2.036386818275516,-1.9181268401124392,-0.42508114507869466
407,0,102,0,0,1,0,0.5180127285797174,-0.5787780036219896,0.4336176125494878,0.42864463580996437,-0.4480702188774205,-0.6464707503823234,0.9664110027806533
408,0,102,0,0,0,1,-2.4077171166665634,0.08048606744100287,-0.14717116631853017,-0.20740458164875994,-0.07640946217109533,-0.442044320473197,-0.24664228295385698
409,0,103,1,0,0,0,0.34919399240578514,1.085064134507951,1.8895647166601937,-0.38377065223547635,0.25164385890948665,0.8063541321401534,2.1233401363388533
410,0,103,0,1,0,0,-0.7219505021060786,1.3077758944489535,1.7941326404687756,-0.621562290089007,2.577890634984843,-1.165667644478,0.6624894480211154
411,0,103,0,0,1,0,1.3534470946986037,1.5254239316046563,1.4954922474219774,-1.005565383736829,0.3275088176785167,1.6784161543901182,2.8336497483842793
412,0,103,0,0,0,1,-1.8536664138252117,2.0192618460599308,1.4435790762434213,-1.0753467564342838,0.4656144676503366,1.4052855299704268,2.0894053583667596
413,0,104,1,0,0,0,-0.29251290589719503,1.893009568134297,0.3199142133784123,0.010699735435935886,0.4245421112663058,-2.068201738217537,1.431144376890726
414,0,104,0,1,0,0,-0.47132533743895116,1.535490463220158,2.1566942192623997,-0.5089528844110351,2.4649826975156715,-1.794328262574991,0.1893733609470954
415,0,104,0,0,1,0,1.2495666344513034,2.28517222350436,2.3695748616698813,0.8814470177727318,0.7748285317429827,-0.9867036892381363,2.6552840367230583
416,0,104,0,0,0,1,-0.4436816071445179,2.8055967228753795,2.5627579259462636,-1.0258943551105413,0.6919162382033475,0.6680126941727245,2.8169247378217297
417,0,105,1,0,0,0,-0.23316614375282635,-0.35005309188583567,-0.5933743816987939,2.570812546134297,0.5495281442180014,0.14882069466688702,-1.8386976485096231
418,0,105,0,1,0,0,1.3492720885916991,-0.17183075819906476,0.3157824411700358,-0.308070803690464,0.7562127934182576,-0.6295980546900994,-1.2581466780293948
419,0,105,0,0,1,0,1.8237757051481933,-0.9527672234600059,-0.30431155741513916,1.0655064796038145,0.3938369885804745,-0.23644063237473445,-0.9311429172959218
420,0,105,0,0,0,1,-1.2617546425811075,1.1605631218280241,-0.4444382326092347,0.013739158718939024,-0.15618147322659398,1.5342022309457066,-1.473812838658179
421,0,106,1,0,0,0,1.0330764919907982,-0.7661105953613524,-1.2783427584358842,0.2844988823849964,-0.6104356788767836,-1.24261486212258,-1.3617490180593466
422,0,106,0,1,0,0,0.8473882773643845,-0.766882684455472,0.16028841602265412,-1.2270422864112092,-0.18517435660868428,-1.6269977537734377,-0.6938868386626359
423,0,106,0,0,1,0,2.0614925300870928,-0.01146840573899682,-0.8362629935360034,0.08698710081065361,-1.165161969782763,-0.46609176425217347,-1.5048953234651785
424,0,106,0,0,0,1,-0.1887706470283601,0.91236124120253,0.5063655311204067,-0.673281142715224,-0.9789060702941472,1.0199831621556208,-1.189556702570282
425,0,107,1,0,0,0,0.7437332989185551,1.8992186954600092,-0.21326287294607385,0.388679512739737,-0.15070981523954324,-1.7756613270333943,-0.8469121644228844
426,0,107,0,1,0,0,0.452489698709736,1.7079731642606037,-0.5861844704523748,-0.1463474305960668,1.5389469362398531,-1.3455549932510416,-1.082756424891167
427,0,107,0,0,1,0,1.6429395926927985,2.0349095046439927,-0.6566942717021829,-0.46964941080128075,-0.3909055975202157,-0.03588787340972514,-0.7594882679276944
428,0,107,0,0,0,1,-0.7185872004159914,2.0677092472943945,-0.8455950505917422,-0.7587391556567251,-0.010821885333807157,1.714478153027796,-1.076237048995482
429,0,108,1,0,0,0,0.9821325710899873,-1.1461043379460052,-0.5450304250869031,-0.012661319506016733,0.7182357391272314,1.025716219944909,0.6351960790882685
430,0,108,0,1,0,0,0.008047531931342552,-1.172230655688917,-0.2136747248421173,-1.3052245146037837,0.25538327792294724,0.12173775337474031,0.0798043228331644
431,0,108,0,0,1,0,1.5360468302083499,-0.9751651934670343,-1.4037140197324134,-0.5718820232632668,0.088194631825563,-0.12657567249709656,0.6705998595369566
432,0,108,0,0,0,1,-1.0704206070662283,0.3434102229381864,0.5047062001268519,-1.19095446651418,-0.3836874217372052,1.7205549805065186,1.0917059215291371
433,0,109,1,0,0,0,0.39759220996192673,-0.9270335023153577,0.9795564835752834,0.09817628401901865,0.04021784080983982,-0.38401961809890683,-0.28539950869282865
434,0,109,0,1,0,0,-0.17786698303606507,-1.1982509096143918,0.09255698394335753,-0.6324393848290367,0.9172275586932868,-0.5608710148734319,-1.1125198356567514
435,0,109,0,0,1,0,0.9907207032407399,-1.0670313210237006,-0.13514561029958677,-0.11683266893995285,-0.8194477129292584,1.5069770099760151,0.4229387614243711
436,0,109,0,0,0,1,-1.1317638659365554,0.26034870752551287,0.2415791821672565,-0.7103865531482519,-0.6230040663043898,1.5186715467985363,0.49548565240093173
437,0,110,1,0,0,0,0.23613085075379148,-0.10186111195696623,-0.2847292873916095,0.9232814559617816,-0.11251087237978867,-0.7059549830456792,0.21151117293438063
438,0,110,0,1,0,0,-0.8872103055001315,-0.13988195934236358,0.14742951078640296,-0.37184635492083595,0.47599130990803923,-0.3375007766881557,-0.006963705621184744
439,0,110,0,0,1,0,1.9421759620538348,-0.10145327553361541,0.19389336014835074,0.12320629131782303,-0.9116846764718026,-0.1125068482820099,0.3807290676395399
440,0,110,0,0,0,1,-0.7118930716056482,0.653730288464554,1.384612679708682,-0.6982799557055529,-1.1060870927983832,0.5839502887844111,1.4345218767036754
441,0,111,1,0,0,0,-0.4811879043279455,0.5121974739548472,0.24038311735317225,-0.2845686963052774,-0.47910955321238613,0.3785419731497163,1.5633530826378053
442,0,111,0,1,0,0,-0.11061155539458073,0.85919990821325,1.387504614639028,-0.4765311708774384,1.7034052918010194,-0.11386008155399847,0.7218625348800095
443,0,111,0,0,1,0,1.4684721127457432,0.8248989894031612,1.3026413220196429,-0.517038545486943,0.5903282172764974,0.005884579197984217,2.7560706368261507
444,0,111,0,0,0,1,-0.9311880748425232,1.4533170166862364,-0.11176406555182772,-0.6713511665206312,0.24697594148560068,0.7494015151342456,1.5402778812918065
445,0,112,1,0,0,0,0.9943708135835495,1.417639443444792,-0.4660869486118285,0.6365751236016349,0.9882187740016566,-0.5727067038089144,0.3003342016809512
446,0,112,0,1,0,0,0.4525411882858795,0.6214657964157458,-0.3575923121593761,-0.8387308738775293,1.3651854011786093,-1.1868658999762993,0.4195541492010474
447,0,112,0,0,1,0,1.1883892563283693,1.1036842603580483,-0.9531808227728118,-0.006724862746265363,0.8672461488268915,-1.2734041764377801,0.3114402650843878
448,0,112,0,0,0,1,0.2504840687523502,2.1869728065326055,0.17650889604860687,-0.3999789631718299,0.018363519137405446,-0.23855471235761105,0.7160405302228526
449,0,113,1,0,0,0,-0.24549934474973176,-0.817566368165128,-0.6439191611531401,-0.30886391957976767,-0.4514919712758918,-1.7920412275273476,0.0082148808704304
450,0,113,0,1,0,0,1.4485404962279158,-0.5585812156846954,-0.1416993853905012,-1.344480168432849,0.10786227256221986,-1.8033520680658437,-0.3395954993367261
451,0,113,0,0,1,0,0.9144383388957538,-0.1918282671642033,-0.32031117475065957,-0.6034015115655629,-0.7839396631549258,-0.26312576430182344,0.06992811026648287
452,0,113,0,0,0,1,-0.6172552576279183,0.9509535902961808,-1.276441332300388,-0.9094633052089613,-0.5484117157566589,-0.5299232993230953,0.17574790004279942
453,0,114,1,0,0,0,0.3371904183210861,-0.7051440925132111,-0.9690407204804226,0.6298350684185966,0.41163459559151133,-0.8801608655812563,-0.3893183926778102
454,0,114,0,1,0,0,0.6178147621478745,-0.5917460261296102,0.007036910734552649,-0.32603108534226494,1.7734892325264906,-1.748387781317438,-1.4432534572548468
455,0,114,0,0,1,0,0.6299945971504961,-0.8374794933945535,-1.0854545153267543,0.37972662418960706,0.961290640309334,-0.5816823879837579,-0.3346828074213275
456,0,114,0,0,0,1,-1.2521890579733435,0.006294350090776402,-0.12462974765853659,0.20812689801685608,0.6581794767858034,0.18731746629331947,-0.23322448316217045
457,0,115,1,0,0,0,0.5386886668014954,-0.4719548863153781,-0.7903176786273198,-0.09714551584753549,0.31217506567012565,-0.6041136330906436,-1.7434441457718168
458,0,115,0,1,0,0,0.5779801718542162,-0.5224383278550442,1.0159852129402072,-0.571622580409843,1.0519865666821917,0.35166843318817714,-1.8615213132211346
459,0,115,0,0,1,0,1.4416576560993457,-0.055289846831703786,-0.509100440323196,-0.5428759849600936,-0.20995501143731216,-0.3887417053354597,-1.287125575487877
460,0,115,0,0,0,1,-0.14299412271150783,1.02455641004912,1.1791499962810388,-0.8558301982990016,-0.3106408401406289,1.9270845890226098,-1.61789375604132
461,0,116,1,0,0,0,0.02360837460352365,-0.6170588993259366,0.24232721197923654,0.294957386281763,-0.6089619001125618,1.1095844822608805,-0.18092118080753122
462,0,116,0,1,0,0,-0.46938057945926565,-0.8127298736806418,-0.0389007918853027,-0.4724477052068638,0.4765174615608362,0.8597973800193744,-1.3397600132072545
463,0,116,0,0,1,0,0.2951182907110948,-0.16488779531097464,-0.24616272415288634,-0.21574832863415497,-0.2921266671679788,0.7373922716091716,-0.23103002063461364
464,0,116,0,0,0,1,-0.9803785246926566,0.36431809776382,0.9804287871151958,-0.7188179581812839,0.23325744796568607,1.497114963415915,0.3461652620189092
465,0,117,1,0,0,0,0.0868838109064281,0.024000808032734234,-0.5566939006770317,0.6607327737888663,0.4320931748771905,-1.4112067691153227,-0.4509667605011409
466,0,117,0,1,0,0,0.17478145046126445,0.13419617377836768,-0.2984434465455668,-0.19795106416275848,1.2937009126929322,-1.6423158317226432,-1.519978418303132
467,0,117,0,0,1,0,0.47904157596809277,0.20612659174369327,-1.4365366081620166,0.47515022171610055,-0.9552804066012235,-1.6485363130395139,-0.05131564693978021
468,0,117,0,0,0,1,-1.1044826820532194,1.6744166505903877,0.13234124117951343,-0.6718568077361461,0.25792849213634256,-0.6421064684136727,-0.24372207235430426
469,0,118,1,0,0,0,-0.15363451212471474,-0.23905292146015752,-0.39721207160861455,0.33626969911600346,-1.2223842990081022,-1.7534093339735684,-0.09081300846934307
470,0,118,0,1,0,0,-0.0772074906033241,-0.1698084528352091,-0.34406112913839104,-0.9715154337664813,-0.15407049156980201,-1.6021853841862648,-0.5780654744725311
471,0,118,0,0,1,0,1.6186225911950805,-0.5687635274987364,0.042746954223815053,0.2404334832601763,0.1287040413736902,-1.6676414245994071,0.1072139285457752
472,0,118,0,0,0,1,-0.33871112014717686,2.2962162591579975,-0.9703754678720395,-0.2798635573888821,-0.7902398891860978,0.23295053549466613,0.22324071433766482
473,0,119,1,0,0,0,0.164234514449967,0.10727952804471567,-0.8008497475042327,0.021133552587866644,0.18842087155013135,0.12154711367502471,-0.23601169002649666
474,0,119,0,1,0,0,-0.016163411737110205,0.23402148123938019,-1.202887408373308,-0.5166011457245011,2.0106373289104553,-0.6927980338625983,-1.3195461434263438
475,0,119,0,0,1,0,1.9159930386407733,0.3495564123414636,-1.1739960921012993,-0.9631634712346953,-0.8746676835820906,-0.6993314261713321,-0.1062210567692624
476,0,119,0,0,0,1,-1.3548888138201696,0.9454363707266057,-0.4784169344583912,-1.1313169156161211,-0.2013777992030227,0.9446174839294655,-0.05559820880683593
477,0,120,1,0,0,0,-0.4335312559832287,-1.5338983253236878,-0.0624587278740553,2.17306847714538,0.6441108959927578,-0.3543201391356842,-0.8984136813209174
478,0,120,0,1,0,0,-0.7511304822009904,-1.6089423616871765,-0.4116939965583315,0.8315666279972982,2.3499619364384867,-1.550264713196854,-1.8919415455616688
479,0,120,0,0,1,0,0.5929409042206557,-1.3950766235359127,2.3061314472080796,2.168858729204647,2.462091607130491,0.4968603752260586,0.560802783846341
480,0,120,0,0,0,1,-1.9609290565920237,-0.22438079246183107,2.1233856755471234,0.5865947697166388,1.557290953295724,1.7315719965400702,-0.19644615959820844
481,0,121,0,0,1,0,0.9677036063105623,-0.016962159013163558,-1.2757784180483538,-0.42868089473151144,-0.35893982353166376,-1.231628228917134,-0.38365836420852717
482,0,121,0,0,0,1,-1.0999603914405875,0.3066125708905929,-0.9580133658223062,-1.230653524928045,-2.080350606084156,-0.8987602220641805,-0.6824559388505516
483,0,122,0,0,1,0,2.0361733448276436,-0.05255727201174659,-0.020202973366176144,-0.6320155606957949,0.22212020446699088,0.03275865921150069,-0.5384050711002533
484,0,122,0,0,0,1,-1.5651970021419255,0.37882742929116364,0.08251668698614191,-1.1493012500178814,-0.8133687674042214,0.7779721647387727,-0.5961941848361358
485,0,123,0,0,1,0,2.1950917853949954,1.0867996432952423,-0.04644512570225564,-0.46598568733714985,-0.30980557125292124,0.30148363632543584,-0.17696421960541175
486,0,123,0,0,0,1,-0.5553712732523309,1.3608898548623327,-1.0985535401694733,-0.49273274651489496,0.6026441005816924,1.892966544638203,-0.23621845088536492
487,0,124,0,0,1,0,-0.05694787069940337,-0.31884344181304763,-0.5322246487184422,-0.5798469915376888,-0.7177717116056159,0.8300963365761597,0.04578132536911759
488,0,124,0,0,0,1,-0.7862138239134285,1.6966663050332011,-0.11399991731189507,-0.9409355648685319,0.004346780879973556,-0.08323870319400756,-0.2419972964269384
489,0,125,0,0,1,0,2.929544698198345,-0.4388272176984552,1.408297167291123,0.13020463588061032,0.7775553681014765,-0.34889928191103126,-0.13798727718125253
490,0,125,0,0,0,1,-0.4632930482026871,1.8020573359638017,0.15470398141415448,-0.8859282156200446,-0.32139421430512255,0.655353062975857,-0.445670623984271
491,0,126,0,0,1,0,-0.2164964620749138,-1.8613718011201776,-1.4598220881083561,1.649487686672288,-0.7636747389762458,-2.198019433454585,-0.5349235556161679
492,0,126,0,0,0,1,-1.4948175358963416,-1.8511908995940058,-0.41038637814245565,1.0731858979306075,0.10434420806186256,-1.756853563492257,0.027046418869855118
493,0,127,0,0,1,0,1.8141117515293788,0.6615058336822536,-0.4699144238100744,1.5006004046683976,-0.5019769271496854,0.6386885075739284,-0.48802685002056617
494,0,127,0,0,0,1,0.7451661782638846,0.924589178720015,-1.217059891101639,-0.4303650834197974,-0.5998742057719177,1.0147526734453032,-0.9153384810990098
495,0,128,0,0,1,0,0.07534743701283657,-0.7883712028137149,-1.5836314784375902,0.02151277780361466,-0.33471192370350994,-0.5998995842629559,-2.1636489267254366
496,0,128,0,0,0,1,-1.527731506531803,0.31492059478926027,-0.4491858129069229,2.1371867848728288,0.5085870207986494,0.18425410198096162,-2.3703714527207818
497,0,129,0,0,1,0,1.2720497077472428,0.9355229973243907,-0.299092866587885,-0.38058092347908207,-0.29721109474489793,0.4208030210296628,-0.3555123611110631
498,0,129,0,0,0,1,-0.8067694886112111,1.2129742584880283,-0.3177309112795819,-1.3475925032954925,-0.44118733881009653,0.6944782574686107,-0.6622675302558951
499,0,130,0,0,1,0,1.2500850080234347,0.48083619715117176,-0.6970710029087764,-0.4909207255336886,0.018255916895599064,0.4926888123847884,0.19774807968024344
500,0,130,0,0,0,1,-0.8095108605164713,1.5525108445168718,0.1979281807799058,-0.8398318649034333,-0.29273313761125785,1.910170324319855,0.4081952403049981
501,0,131,0,0,1,0,1.2807681412615295,-0.8114627732318483,-0.7468686509674315,-0.5542606740500212,-0.553829011507988,0.39180230299852664,-0.060246395897368986
502,0,131,0,0,0,1,-1.799463548372283,-0.9617159410320072,-0.20752218669170808,-0.18212129467625024,0.24578815201746934,-0.10066279043663078,0.4047800814143062
503,0,132,0,0,1,0,0.5880528125616294,0.8530595575237109,-1.0912685533588247,0.3265359907764483,-0.1633961957744652,0.5677140805563592,-0.060417745481397424
504,0,132,0,0,0,1,-1.4345329906282063,2.0067323067929737,0.9020473172257645,-0.6120869230825791,-0.1422348767854929,1.326756729331238,0.47838065120556855
505,0,133,0,0,1,0,1.0314593224289295,0.24396043496682923,1.121054353744148,0.8608914593771377,-0.3220646825793254,0.8177275017202164,-0.690945861812484
506,0,133,0,0,0,1,-1.1695892078851047,2.003535160793221,-0.0038568029347266376,-0.49555705941949135,-1.542026623841642,2.1027307019065913,-1.4389936476580831
507,0,134,0,0,1,0,0.5627557024957095,-0.856631370692791,1.1905557383402865,0.17249293288037526,0.6176743547541617,-0.9122379955077804,1.2147757368217953
508,0,134,0,0,0,1,-1.0427107522050414,-0.32586754815548974,0.9796290216966327,-0.21288431716043504,0.12949516387820767,-0.46041772826349653,0.2587173535681167
